사람,책,평점
민지,백설공주,5.0
민지,신데렐라,4.0
민지,어린왕자,1.0
민지,흥부전,3.0
현우,노인과바다,3.0
현우,신데렐라,2.0
현우,콩쥐팥쥐,1.0
현우,흥부전,2.0
민수,노인과바다,3.0
민수,백설공주,4.0
민수,신데렐라,4.0
민수,어린왕자,3.0
민수,콩쥐팥쥐,4.0
지민,노인과바다,4.0
지민,백설공주,1.0
지민,어린왕자,5.0
지민,콩쥐팥쥐,2.0
지민,흥부전,3.0
지연,노인과바다,5.0
지연,신데렐라,3.0
지연,어린왕자,4.0
지연,콩쥐팥쥐,3.0
지연,흥부전,3.0
